player_id,registration_date,country,acquisition_channel,initial_segment,age_band,account_status
100001,2025-08-27,UK,Referral,New,18-24,Active
100002,2025-07-13,NL,Organic Search,New,35-44,Active
100003,2025-11-18,BR,Organic Search,New,25-34,Active
100004,2025-11-03,FR,Paid Social,New,25-34,Active
100005,2025-10-23,US,Affiliate,Casual,25-34,Active
100006,2025-09-10,US,Email Campaign,Casual,25-34,Active
100007,2025-08-22,US,Referral,New,45-54,Active
100008,2025-08-14,AU,Affiliate,New,25-34,Active
100009,2026-02-02,FR,Paid Social,VIP,45-54,Active
100010,2025-07-17,ES,Display Ads,Casual,55+,Active
100011,2025-07-16,US,Paid Social,Casual,35-44,Active
100012,2025-08-17,NL,Affiliate,New,18-24,Active
100013,2025-10-20,MX,Organic Search,Casual,25-34,Active
100014,2025-10-28,US,Email Campaign,New,45-54,Active
100015,2025-07-14,US,Referral,Casual,25-34,Active
100016,2025-10-10,US,Organic Search,VIP,18-24,Active
100017,2026-01-31,CA,Organic Search,New,35-44,Active
100018,2025-10-21,DE,Referral,New,45-54,Active
100019,2026-02-15,UK,Referral,New,45-54,Active
100020,2025-11-20,CA,Paid Social,New,18-24,Active
100021,2025-07-04,FR,Display Ads,New,35-44,Active
100022,2025-09-20,US,Organic Search,New,25-34,Active
100023,2026-02-02,CA,Affiliate,Casual,25-34,Active
100024,2025-12-22,UK,Display Ads,Casual,45-54,Active
100025,2025-11-20,UK,Paid Social,New,25-34,Active
100026,2025-09-18,BR,Affiliate,Regular,25-34,Active
100027,2025-10-19,US,Paid Social,New,18-24,Active
100028,2025-12-20,DE,Paid Social,VIP,45-54,Active
100029,2025-08-22,FR,Display Ads,New,45-54,Active
100030,2025-08-17,US,Paid Social,Regular,35-44,Active
100031,2026-01-11,FR,Email Campaign,Casual,35-44,Active
100032,2025-08-19,US,Organic Search,Regular,18-24,Active
100033,2025-12-31,US,Organic Search,VIP,25-34,Active
100034,2025-12-24,NL,Organic Search,New,25-34,Active
100035,2025-11-13,NL,Referral,VIP,18-24,Active
100036,2025-07-23,MX,Paid Social,New,25-34,Active
100037,2026-02-21,CA,Email Campaign,New,45-54,Active
100038,2025-09-02,US,Affiliate,New,18-24,Active
100039,2026-01-10,ES,Display Ads,Casual,25-34,Active
100040,2025-08-10,UK,Organic Search,New,25-34,Active
100041,2025-11-28,US,Email Campaign,Casual,25-34,Active
100042,2026-01-02,UK,Email Campaign,Casual,45-54,Active
100043,2025-10-07,US,Email Campaign,Casual,25-34,Active
100044,2025-08-05,AU,Email Campaign,Regular,25-34,Active
100045,2025-07-24,US,Referral,New,35-44,Active
100046,2025-10-25,ES,Affiliate,New,18-24,Active
100047,2025-11-26,CA,Organic Search,New,25-34,Active
100048,2025-08-10,DE,Organic Search,New,25-34,Active
100049,2025-10-28,DE,Display Ads,New,35-44,Active
100050,2025-08-21,US,Affiliate,New,55+,Active
100051,2026-01-11,NL,Email Campaign,New,35-44,Locked
100052,2025-11-20,BR,Affiliate,VIP,25-34,Active
100053,2026-02-18,NL,Organic Search,Casual,45-54,Active
100054,2026-01-03,AU,Organic Search,New,18-24,Active
100055,2025-09-22,FR,Referral,Casual,18-24,Active
100056,2026-01-06,NL,Affiliate,New,25-34,Active
100057,2025-12-29,US,Organic Search,New,25-34,Active
100058,2025-10-16,US,Affiliate,Casual,25-34,Active
100059,2025-11-14,US,Organic Search,Casual,35-44,Active
100060,2025-08-06,CA,Affiliate,New,45-54,Active
100061,2025-09-26,UK,Paid Social,VIP,25-34,Active
100062,2025-11-03,US,Email Campaign,Regular,25-34,Active
100063,2025-09-22,MX,Paid Social,Casual,18-24,Active
100064,2026-02-22,CA,Affiliate,Casual,18-24,Active
100065,2026-01-11,CA,Organic Search,Casual,35-44,Active
100066,2025-11-16,DE,Organic Search,New,25-34,Active
100067,2025-10-21,US,Paid Social,New,45-54,Active
100068,2025-12-14,MX,Affiliate,New,18-24,Active
100069,2025-07-29,US,Affiliate,Casual,18-24,Active
100070,2025-10-26,NL,Paid Social,Casual,25-34,Active
100071,2025-07-17,BR,Referral,New,25-34,Active
100072,2025-12-09,US,Email Campaign,VIP,18-24,Active
100073,2026-01-22,US,Email Campaign,Regular,35-44,Active
100074,2025-11-15,MX,Organic Search,Casual,18-24,Active
100075,2025-08-03,ES,Affiliate,Casual,35-44,Active
100076,2025-10-17,BR,Organic Search,Regular,25-34,Active
100077,2025-12-09,BR,Organic Search,New,18-24,Active
100078,2025-10-17,US,Display Ads,Regular,25-34,Active
100079,2026-03-13,CA,Organic Search,New,45-54,Active
100080,2026-01-19,US,Affiliate,Regular,25-34,Active
100081,2026-02-20,AU,Affiliate,New,35-44,Active
100082,2025-09-12,FR,Referral,Regular,18-24,Active
100083,2025-11-13,CA,Affiliate,Regular,35-44,Active
100084,2025-09-10,US,Organic Search,New,25-34,Active
100085,2025-11-04,CA,Paid Social,Casual,35-44,Active
100086,2025-11-12,CA,Affiliate,VIP,35-44,Active
100087,2026-02-05,BR,Organic Search,Casual,45-54,Active
100088,2026-01-21,FR,Paid Social,Regular,25-34,Active
100089,2026-01-02,AU,Organic Search,Casual,18-24,Active
100090,2025-10-21,UK,Organic Search,New,18-24,Active
100091,2025-09-09,US,Paid Social,New,45-54,Active
100092,2026-03-10,ES,Organic Search,New,25-34,Active
100093,2025-08-16,BR,Affiliate,Casual,35-44,Active
100094,2025-07-25,DE,Referral,New,25-34,Active
100095,2025-08-26,BR,Email Campaign,Casual,25-34,Active
100096,2025-09-17,UK,Organic Search,Casual,18-24,Active
100097,2025-09-20,DE,Organic Search,Casual,55+,Active
100098,2026-02-02,UK,Organic Search,Regular,35-44,Active
100099,2025-08-02,US,Affiliate,VIP,55+,Active
100100,2026-01-14,US,Referral,New,25-34,Active
100101,2026-01-12,US,Organic Search,Regular,35-44,Active
100102,2026-02-25,FR,Display Ads,Casual,35-44,Active
100103,2025-11-06,CA,Organic Search,Casual,25-34,Active
100104,2025-07-06,DE,Affiliate,VIP,45-54,Active
100105,2025-08-28,AU,Referral,New,55+,Active
100106,2025-11-14,US,Email Campaign,New,45-54,Active
100107,2025-12-22,UK,Referral,Regular,35-44,Locked
100108,2025-08-27,BR,Email Campaign,New,25-34,Active
100109,2025-11-28,US,Paid Social,Regular,25-34,Active
100110,2026-02-08,US,Email Campaign,Regular,55+,Active
100111,2025-09-19,CA,Organic Search,New,18-24,Active
100112,2026-02-18,US,Email Campaign,Regular,35-44,Active
100113,2025-07-02,NL,Affiliate,New,35-44,Active
100114,2025-11-12,MX,Email Campaign,Casual,35-44,Active
100115,2026-03-14,FR,Affiliate,Casual,55+,Active
100116,2025-09-30,AU,Affiliate,Regular,25-34,Active
100117,2025-08-24,MX,Affiliate,New,25-34,Active
100118,2025-11-30,US,Referral,Casual,18-24,Active
100119,2025-10-10,AU,Organic Search,Casual,25-34,Active
100120,2025-09-17,DE,Organic Search,Casual,25-34,Active
100121,2026-01-08,MX,Organic Search,Casual,25-34,Active
100122,2025-09-21,AU,Organic Search,New,45-54,Active
100123,2025-07-01,CA,Email Campaign,New,55+,Active
100124,2025-12-13,US,Organic Search,New,25-34,Active
100125,2026-03-08,US,Display Ads,Regular,25-34,Active
100126,2025-07-10,UK,Paid Social,New,45-54,Active
100127,2025-08-27,MX,Organic Search,New,18-24,Active
100128,2026-01-02,AU,Email Campaign,VIP,18-24,Active
100129,2025-12-05,US,Referral,New,18-24,Active
100130,2025-10-31,DE,Affiliate,VIP,35-44,Active
100131,2025-07-30,UK,Affiliate,Casual,18-24,Active
100132,2025-11-01,US,Referral,Regular,55+,Active
100133,2025-08-10,US,Organic Search,New,25-34,Locked
100134,2025-08-13,CA,Display Ads,New,25-34,Active
100135,2026-03-06,NL,Display Ads,Casual,25-34,Active
100136,2025-08-05,CA,Referral,Regular,25-34,Active
100137,2025-09-03,DE,Organic Search,Casual,35-44,Active
100138,2025-09-04,ES,Referral,New,35-44,Active
100139,2026-03-01,UK,Organic Search,Casual,35-44,Active
100140,2025-09-23,NL,Organic Search,Casual,35-44,Active
100141,2025-11-13,NL,Paid Social,Casual,45-54,Active
100142,2026-02-02,US,Affiliate,Casual,45-54,Active
100143,2025-10-17,UK,Email Campaign,Regular,35-44,Active
100144,2025-10-11,CA,Referral,Casual,18-24,Active
100145,2025-12-07,CA,Referral,New,18-24,Active
100146,2026-01-21,US,Paid Social,Casual,25-34,Active
100147,2026-01-08,FR,Paid Social,New,35-44,Active
100148,2026-02-10,DE,Paid Social,New,25-34,Active
100149,2026-02-17,US,Display Ads,New,25-34,Active
100150,2025-08-31,US,Organic Search,New,45-54,Active
100151,2025-11-04,AU,Email Campaign,New,45-54,Active
100152,2025-10-24,US,Affiliate,New,45-54,Active
100153,2025-08-02,US,Affiliate,Regular,25-34,Active
100154,2025-12-21,UK,Referral,Regular,35-44,Active
100155,2025-07-11,NL,Affiliate,New,25-34,Active
100156,2025-10-26,US,Email Campaign,VIP,25-34,Active
100157,2025-10-21,ES,Display Ads,Casual,25-34,Active
100158,2025-07-04,BR,Paid Social,New,25-34,Active
100159,2025-08-06,US,Paid Social,New,25-34,Active
100160,2025-07-31,BR,Affiliate,Casual,45-54,Active
100161,2025-10-26,UK,Display Ads,Regular,18-24,Active
100162,2025-08-04,FR,Organic Search,Casual,35-44,Active
100163,2025-07-17,FR,Affiliate,New,35-44,Active
100164,2025-12-17,DE,Affiliate,New,25-34,Active
100165,2025-08-06,US,Referral,New,25-34,Active
100166,2025-10-30,MX,Organic Search,New,25-34,Active
100167,2025-11-20,CA,Referral,New,35-44,Locked
100168,2026-03-06,US,Display Ads,New,25-34,Active
100169,2025-10-18,US,Organic Search,Regular,18-24,Active
100170,2025-09-06,FR,Organic Search,Regular,18-24,Active
100171,2026-02-28,ES,Display Ads,New,35-44,Active
100172,2025-11-02,US,Organic Search,Regular,45-54,Active
100173,2026-02-28,DE,Email Campaign,New,25-34,Active
100174,2026-01-25,US,Affiliate,Casual,35-44,Active
100175,2025-10-06,FR,Organic Search,New,35-44,Active
100176,2025-08-18,US,Email Campaign,Casual,55+,Active
100177,2025-08-19,ES,Affiliate,VIP,45-54,Active
100178,2026-02-06,UK,Affiliate,Casual,35-44,Active
100179,2025-12-29,NL,Paid Social,New,35-44,Active
100180,2026-02-02,US,Affiliate,Casual,45-54,Active
100181,2026-01-27,CA,Organic Search,New,25-34,Locked
100182,2026-02-25,US,Paid Social,Regular,25-34,Active
100183,2025-07-28,NL,Display Ads,Casual,18-24,Active
100184,2025-08-20,AU,Paid Social,New,45-54,Active
100185,2025-08-01,US,Referral,Casual,45-54,Active
100186,2026-01-23,FR,Paid Social,Casual,18-24,Active
100187,2025-12-21,MX,Email Campaign,New,35-44,Active
100188,2025-08-25,DE,Organic Search,Casual,25-34,Active
100189,2025-11-05,DE,Display Ads,New,18-24,Active
100190,2025-10-07,US,Affiliate,Casual,55+,Active
100191,2025-10-06,US,Organic Search,Regular,25-34,Locked
100192,2026-02-15,AU,Organic Search,Regular,18-24,Active
100193,2025-09-10,AU,Organic Search,Casual,35-44,Active
100194,2026-02-02,FR,Affiliate,Casual,35-44,Active
100195,2025-10-02,CA,Paid Social,New,18-24,Active
100196,2025-11-20,CA,Email Campaign,Regular,35-44,Active
100197,2026-02-22,BR,Affiliate,New,35-44,Active
100198,2025-11-05,AU,Organic Search,Casual,18-24,Active
100199,2025-08-08,AU,Affiliate,New,18-24,Active
100200,2026-02-12,BR,Referral,New,35-44,Active
100201,2025-08-20,FR,Organic Search,Casual,25-34,Active
100202,2025-07-26,US,Organic Search,New,55+,Active
100203,2025-07-08,US,Organic Search,Casual,45-54,Active
100204,2025-08-17,AU,Referral,New,55+,Active
100205,2025-10-30,FR,Referral,New,25-34,Active
100206,2025-09-24,US,Affiliate,Casual,55+,Active
100207,2026-01-25,US,Email Campaign,New,25-34,Active
100208,2026-03-06,ES,Email Campaign,New,25-34,Active
100209,2026-03-04,US,Affiliate,Casual,18-24,Active
100210,2025-10-18,US,Email Campaign,New,18-24,Active
100211,2026-01-22,DE,Organic Search,Regular,35-44,Active
100212,2025-07-31,ES,Organic Search,New,25-34,Active
100213,2025-09-23,FR,Paid Social,New,25-34,Active
100214,2026-01-11,US,Organic Search,Casual,35-44,Active
100215,2025-07-02,ES,Affiliate,New,25-34,Active
100216,2026-01-16,US,Display Ads,New,35-44,Active
100217,2025-11-13,CA,Organic Search,New,25-34,Active
100218,2026-02-18,BR,Organic Search,New,45-54,Active
100219,2025-11-24,FR,Affiliate,Regular,45-54,Active
100220,2026-02-02,MX,Display Ads,New,25-34,Active
100221,2026-03-07,FR,Paid Social,Regular,25-34,Active
100222,2025-09-18,DE,Affiliate,Regular,25-34,Active
100223,2025-10-06,US,Organic Search,New,45-54,Active
100224,2025-11-29,UK,Organic Search,Regular,25-34,Active
100225,2025-10-20,US,Display Ads,New,25-34,Active
100226,2025-07-30,US,Display Ads,VIP,18-24,Active
100227,2025-08-01,NL,Organic Search,New,25-34,Active
100228,2025-12-08,UK,Display Ads,Casual,25-34,Active
100229,2025-07-30,AU,Affiliate,Casual,45-54,Active
100230,2025-07-26,FR,Email Campaign,New,25-34,Active
100231,2026-03-02,BR,Affiliate,Casual,25-34,Active
100232,2026-03-15,DE,Affiliate,Casual,45-54,Active
100233,2025-09-19,DE,Affiliate,New,45-54,Active
100234,2025-07-30,UK,Referral,New,25-34,Active
100235,2025-08-11,US,Organic Search,Casual,25-34,Active
100236,2025-10-04,BR,Organic Search,Casual,25-34,Active
100237,2025-08-05,CA,Paid Social,VIP,55+,Active
100238,2025-08-04,US,Referral,Casual,18-24,Locked
100239,2025-10-29,FR,Organic Search,VIP,55+,Active
100240,2026-01-23,US,Referral,Casual,35-44,Active
100241,2025-08-31,NL,Display Ads,New,35-44,Active
100242,2025-11-04,NL,Organic Search,New,18-24,Active
100243,2025-07-21,AU,Referral,Regular,25-34,Active
100244,2025-08-11,UK,Affiliate,Casual,25-34,Active
100245,2026-01-31,US,Email Campaign,New,18-24,Active
100246,2025-12-09,NL,Organic Search,New,35-44,Active
100247,2025-11-11,UK,Referral,VIP,55+,Active
100248,2025-10-13,NL,Email Campaign,Casual,35-44,Active
100249,2025-12-08,NL,Display Ads,New,35-44,Active
100250,2025-10-31,MX,Referral,Casual,18-24,Active
100251,2025-11-13,CA,Affiliate,New,25-34,Active
100252,2026-01-19,UK,Affiliate,New,18-24,Active
100253,2025-09-06,MX,Email Campaign,New,35-44,Active
100254,2025-12-01,CA,Affiliate,New,55+,Active
100255,2026-02-20,US,Organic Search,Casual,35-44,Active
100256,2025-12-09,DE,Display Ads,New,18-24,Active
100257,2025-08-07,NL,Referral,Regular,25-34,Active
100258,2025-07-05,ES,Referral,Regular,35-44,Active
100259,2026-02-20,DE,Organic Search,New,25-34,Active
100260,2025-08-21,US,Referral,Casual,45-54,Active
100261,2025-08-07,FR,Paid Social,Casual,45-54,Active
100262,2025-10-18,NL,Referral,Regular,35-44,Active
100263,2025-11-13,US,Organic Search,New,25-34,Active
100264,2025-09-06,DE,Referral,Casual,25-34,Active
100265,2025-12-26,AU,Display Ads,Casual,18-24,Active
100266,2025-08-05,BR,Organic Search,New,25-34,Active
100267,2025-11-03,ES,Display Ads,New,25-34,Active
100268,2026-01-06,ES,Paid Social,Casual,35-44,Active
100269,2025-11-23,CA,Email Campaign,Casual,35-44,Active
100270,2025-09-19,CA,Email Campaign,New,18-24,Active
100271,2026-02-10,MX,Affiliate,Casual,25-34,Active
100272,2025-12-02,MX,Referral,New,25-34,Active
100273,2025-07-05,AU,Email Campaign,Casual,18-24,Active
100274,2025-12-01,AU,Paid Social,New,45-54,Active
100275,2025-08-23,DE,Paid Social,Regular,18-24,Locked
100276,2025-09-07,DE,Referral,New,25-34,Active
100277,2025-11-13,BR,Email Campaign,New,18-24,Active
100278,2025-08-29,FR,Referral,New,45-54,Active
100279,2025-08-24,ES,Email Campaign,New,35-44,Active
100280,2025-09-18,BR,Affiliate,Casual,25-34,Active
100281,2025-11-17,AU,Email Campaign,New,25-34,Active
100282,2025-11-22,CA,Organic Search,Regular,35-44,Active
100283,2025-10-16,UK,Affiliate,New,55+,Active
100284,2025-12-23,US,Organic Search,New,25-34,Active
100285,2025-10-13,DE,Paid Social,New,45-54,Active
100286,2025-11-13,US,Paid Social,New,55+,Active
100287,2026-03-08,UK,Paid Social,New,45-54,Active
100288,2025-11-06,DE,Referral,New,35-44,Active
100289,2025-07-27,CA,Paid Social,Casual,35-44,Active
100290,2025-08-17,FR,Affiliate,New,25-34,Active
100291,2026-02-02,US,Organic Search,Casual,35-44,Active
100292,2025-11-19,US,Paid Social,Casual,35-44,Active
100293,2025-07-23,MX,Organic Search,New,35-44,Active
100294,2025-07-02,UK,Organic Search,Casual,25-34,Active
100295,2025-12-18,US,Affiliate,VIP,35-44,Active
100296,2025-09-05,DE,Referral,Casual,45-54,Active
100297,2025-11-12,BR,Affiliate,Casual,18-24,Active
100298,2025-09-21,US,Affiliate,New,45-54,Active
100299,2026-02-12,FR,Paid Social,Regular,35-44,Active
100300,2026-02-04,US,Email Campaign,Regular,45-54,Active
100301,2025-07-05,US,Affiliate,Casual,25-34,Active
100302,2025-08-27,DE,Affiliate,VIP,25-34,Active
100303,2025-08-08,DE,Organic Search,New,45-54,Active
100304,2025-09-15,FR,Paid Social,New,25-34,Active
100305,2025-07-19,BR,Paid Social,Regular,45-54,Active
100306,2026-01-06,NL,Paid Social,Regular,25-34,Active
100307,2025-09-14,DE,Affiliate,New,25-34,Active
100308,2026-02-06,CA,Affiliate,New,25-34,Active
100309,2025-09-04,BR,Affiliate,New,35-44,Active
100310,2025-07-22,US,Referral,New,25-34,Locked
100311,2025-12-05,UK,Email Campaign,Regular,18-24,Locked
100312,2026-01-03,US,Referral,Casual,25-34,Active
100313,2025-07-21,US,Display Ads,New,18-24,Active
100314,2025-12-31,NL,Organic Search,New,55+,Active
100315,2025-10-16,MX,Organic Search,New,55+,Active
100316,2025-11-05,ES,Organic Search,New,25-34,Active
100317,2025-08-22,UK,Affiliate,Casual,35-44,Active
100318,2025-12-29,US,Email Campaign,VIP,25-34,Active
100319,2026-01-25,US,Organic Search,Regular,35-44,Active
100320,2025-09-18,US,Display Ads,New,45-54,Active
100321,2025-10-30,DE,Organic Search,Regular,55+,Active
100322,2025-09-22,ES,Display Ads,Regular,25-34,Active
100323,2025-09-29,ES,Paid Social,Regular,45-54,Active
100324,2026-01-28,US,Organic Search,Casual,25-34,Active
100325,2025-07-13,NL,Affiliate,New,55+,Active
100326,2025-09-30,BR,Paid Social,New,18-24,Active
100327,2025-12-18,DE,Paid Social,New,35-44,Active
100328,2026-01-27,FR,Paid Social,New,35-44,Active
100329,2025-11-05,UK,Email Campaign,New,35-44,Active
100330,2025-11-14,US,Affiliate,Casual,18-24,Active
100331,2025-09-20,CA,Paid Social,Casual,55+,Active
100332,2025-08-25,BR,Affiliate,Casual,25-34,Active
100333,2026-01-12,US,Referral,New,35-44,Active
100334,2025-07-20,US,Paid Social,VIP,25-34,Active
100335,2026-02-26,US,Paid Social,Regular,25-34,Locked
100336,2025-10-22,US,Organic Search,Regular,35-44,Active
100337,2025-10-11,MX,Organic Search,VIP,25-34,Active
100338,2026-02-21,ES,Referral,Casual,18-24,Active
100339,2025-12-27,UK,Organic Search,VIP,18-24,Active
100340,2025-12-04,US,Affiliate,New,25-34,Active
100341,2025-10-25,UK,Referral,New,35-44,Active
100342,2025-10-23,UK,Organic Search,New,45-54,Active
100343,2025-07-13,US,Affiliate,New,18-24,Active
100344,2025-10-07,UK,Paid Social,New,25-34,Active
100345,2026-01-21,UK,Display Ads,Casual,18-24,Active
100346,2025-12-16,FR,Affiliate,Regular,18-24,Active
100347,2025-11-20,FR,Email Campaign,Casual,35-44,Active
100348,2025-08-05,US,Affiliate,New,35-44,Active
100349,2025-11-20,UK,Organic Search,Regular,18-24,Active
100350,2025-12-27,FR,Affiliate,Casual,25-34,Active
100351,2026-01-21,DE,Display Ads,New,18-24,Active
100352,2025-12-17,MX,Affiliate,Casual,45-54,Active
100353,2025-07-15,FR,Email Campaign,New,55+,Active
100354,2025-08-29,US,Email Campaign,New,18-24,Active
100355,2025-11-11,US,Organic Search,Regular,25-34,Active
100356,2025-09-30,FR,Organic Search,New,45-54,Active
100357,2025-11-13,US,Affiliate,Casual,45-54,Active
100358,2025-07-20,FR,Paid Social,Regular,25-34,Active
100359,2025-08-25,NL,Email Campaign,Casual,18-24,Active
100360,2026-02-08,DE,Display Ads,New,18-24,Active
100361,2025-12-24,UK,Paid Social,New,35-44,Active
100362,2025-12-08,FR,Organic Search,New,25-34,Active
100363,2026-02-09,UK,Email Campaign,Casual,18-24,Active
100364,2025-08-29,DE,Paid Social,New,35-44,Active
100365,2026-01-14,NL,Email Campaign,New,18-24,Active
100366,2025-10-06,UK,Paid Social,VIP,45-54,Locked
100367,2025-11-08,NL,Referral,Casual,25-34,Active
100368,2025-07-23,AU,Organic Search,New,18-24,Active
100369,2026-02-09,US,Affiliate,Casual,35-44,Active
100370,2025-07-01,US,Affiliate,Casual,25-34,Active
100371,2025-10-09,US,Affiliate,New,55+,Active
100372,2026-01-03,US,Organic Search,New,35-44,Active
100373,2026-02-06,US,Referral,Regular,25-34,Active
100374,2025-08-05,ES,Email Campaign,Casual,35-44,Active
100375,2025-12-17,US,Organic Search,Casual,25-34,Active
100376,2025-12-08,CA,Organic Search,New,45-54,Active
100377,2025-09-02,MX,Organic Search,New,25-34,Active
100378,2025-12-01,US,Affiliate,New,35-44,Active
100379,2025-12-06,MX,Affiliate,New,18-24,Active
100380,2026-01-26,CA,Affiliate,New,25-34,Active
100381,2025-12-15,US,Organic Search,New,45-54,Active
100382,2026-01-23,ES,Paid Social,Regular,45-54,Active
100383,2025-11-29,FR,Affiliate,VIP,25-34,Active
100384,2025-09-04,AU,Affiliate,Regular,25-34,Active
100385,2025-10-07,BR,Display Ads,Regular,45-54,Active
100386,2026-02-01,MX,Organic Search,New,55+,Active
100387,2026-01-11,CA,Referral,VIP,18-24,Active
100388,2025-09-28,US,Paid Social,New,25-34,Active
100389,2025-12-02,BR,Paid Social,VIP,25-34,Active
100390,2026-01-24,MX,Referral,VIP,45-54,Active
100391,2025-07-01,NL,Referral,Casual,18-24,Active
100392,2025-12-03,UK,Display Ads,VIP,25-34,Active
100393,2025-11-24,UK,Organic Search,Casual,35-44,Active
100394,2025-10-16,BR,Organic Search,New,18-24,Active
100395,2026-02-06,CA,Referral,New,25-34,Active
100396,2025-12-12,NL,Affiliate,Casual,25-34,Active
100397,2026-02-24,MX,Paid Social,New,25-34,Active
100398,2026-02-12,UK,Organic Search,Casual,25-34,Active
100399,2026-02-12,BR,Organic Search,VIP,25-34,Active
100400,2025-10-18,BR,Email Campaign,New,18-24,Active
100401,2026-02-28,US,Organic Search,Regular,35-44,Active
100402,2025-09-25,AU,Paid Social,Regular,45-54,Locked
100403,2025-08-13,DE,Organic Search,Regular,35-44,Active
100404,2025-11-23,MX,Paid Social,VIP,18-24,Active
100405,2025-12-19,CA,Organic Search,Casual,18-24,Locked
100406,2025-08-17,AU,Affiliate,VIP,25-34,Active
100407,2025-10-29,UK,Organic Search,Casual,25-34,Active
100408,2025-12-06,US,Email Campaign,New,25-34,Active
100409,2025-10-24,AU,Organic Search,Casual,35-44,Active
100410,2025-10-10,US,Affiliate,Casual,18-24,Active
100411,2025-09-14,CA,Email Campaign,New,18-24,Active
100412,2025-07-13,NL,Referral,Casual,25-34,Active
100413,2025-07-24,NL,Affiliate,Casual,35-44,Active
100414,2025-11-03,DE,Paid Social,New,25-34,Active
100415,2026-03-01,FR,Paid Social,Casual,35-44,Active
100416,2025-08-07,UK,Referral,Regular,25-34,Active
100417,2026-02-19,CA,Display Ads,Casual,45-54,Active
100418,2026-01-29,CA,Referral,New,45-54,Active
100419,2025-10-08,ES,Affiliate,New,25-34,Active
100420,2026-01-13,BR,Referral,New,25-34,Active
100421,2026-03-11,BR,Affiliate,Regular,25-34,Active
100422,2026-01-21,BR,Organic Search,New,25-34,Active
100423,2025-11-02,US,Affiliate,Casual,35-44,Active
100424,2025-09-14,UK,Display Ads,New,45-54,Active
100425,2025-07-03,US,Organic Search,New,35-44,Active
100426,2025-08-24,DE,Referral,Regular,45-54,Active
100427,2026-02-03,UK,Organic Search,Casual,25-34,Active
100428,2025-10-21,AU,Affiliate,New,18-24,Active
100429,2025-09-29,CA,Organic Search,New,35-44,Active
100430,2026-02-23,US,Affiliate,New,25-34,Active
100431,2025-07-26,US,Referral,Casual,35-44,Active
100432,2025-11-05,BR,Paid Social,Casual,25-34,Active
100433,2025-09-01,FR,Referral,New,18-24,Active
100434,2026-02-19,US,Email Campaign,New,55+,Active
100435,2025-09-07,US,Display Ads,New,18-24,Active
100436,2026-02-23,ES,Organic Search,Regular,55+,Active
100437,2025-12-10,US,Paid Social,VIP,55+,Active
100438,2026-02-12,MX,Organic Search,New,45-54,Active
100439,2026-02-04,ES,Display Ads,Casual,35-44,Active
100440,2026-02-14,US,Display Ads,New,35-44,Active
100441,2025-09-20,US,Affiliate,New,45-54,Locked
100442,2026-03-01,NL,Email Campaign,Casual,25-34,Active
100443,2026-02-16,UK,Affiliate,Regular,25-34,Active
100444,2025-11-10,UK,Affiliate,VIP,35-44,Active
100445,2025-11-04,MX,Organic Search,Casual,25-34,Active
100446,2025-11-19,NL,Referral,New,25-34,Active
100447,2026-03-06,NL,Organic Search,Regular,25-34,Active
100448,2025-10-31,BR,Email Campaign,New,35-44,Active
100449,2025-11-18,UK,Email Campaign,Casual,45-54,Active
100450,2026-02-11,US,Referral,New,25-34,Active
100451,2025-08-09,BR,Organic Search,Casual,55+,Active
100452,2025-11-24,DE,Paid Social,New,35-44,Locked
100453,2025-10-29,UK,Paid Social,New,45-54,Active
100454,2025-11-17,AU,Paid Social,Regular,35-44,Active
100455,2025-12-19,US,Organic Search,New,35-44,Active
100456,2025-12-11,UK,Display Ads,Casual,18-24,Active
100457,2025-08-11,US,Affiliate,New,45-54,Active
100458,2025-09-09,UK,Paid Social,New,18-24,Active
100459,2025-09-16,US,Paid Social,New,45-54,Active
100460,2025-10-27,US,Affiliate,New,55+,Active
100461,2026-01-13,US,Affiliate,Regular,25-34,Active
100462,2025-09-17,FR,Affiliate,New,25-34,Active
100463,2025-10-18,BR,Display Ads,VIP,35-44,Active
100464,2025-08-02,FR,Affiliate,Casual,25-34,Active
100465,2026-01-29,NL,Display Ads,New,45-54,Locked
100466,2026-01-25,UK,Email Campaign,Casual,18-24,Active
100467,2025-12-17,CA,Organic Search,Casual,18-24,Active
100468,2026-02-24,AU,Display Ads,Casual,55+,Active
100469,2026-01-29,US,Organic Search,New,35-44,Active
100470,2025-08-01,NL,Email Campaign,New,45-54,Active
100471,2025-10-14,US,Paid Social,Regular,25-34,Active
100472,2026-02-01,NL,Email Campaign,Regular,35-44,Active
100473,2026-01-16,US,Email Campaign,Regular,35-44,Active
100474,2025-07-11,AU,Email Campaign,New,35-44,Active
100475,2026-01-11,DE,Email Campaign,Regular,35-44,Active
100476,2026-03-02,NL,Paid Social,Casual,35-44,Active
100477,2025-07-04,US,Organic Search,Casual,25-34,Active
100478,2025-12-28,DE,Paid Social,New,25-34,Active
100479,2025-11-30,NL,Organic Search,Casual,35-44,Active
100480,2026-01-16,DE,Referral,New,25-34,Active
100481,2026-01-31,FR,Paid Social,New,35-44,Self-Excluded
100482,2025-10-21,ES,Display Ads,Regular,25-34,Active
100483,2026-03-07,UK,Affiliate,New,35-44,Active
100484,2025-10-21,FR,Email Campaign,New,35-44,Active
100485,2025-11-17,FR,Organic Search,New,25-34,Active
100486,2026-02-09,AU,Email Campaign,Regular,18-24,Active
100487,2026-03-06,US,Display Ads,Casual,18-24,Locked
100488,2025-07-15,CA,Affiliate,New,35-44,Active
100489,2026-01-16,NL,Affiliate,Regular,45-54,Active
100490,2025-12-20,AU,Referral,Regular,18-24,Active
100491,2026-01-24,UK,Organic Search,New,35-44,Active
100492,2025-09-23,FR,Affiliate,Casual,25-34,Active
100493,2026-02-25,US,Paid Social,Regular,25-34,Active
100494,2025-09-04,US,Organic Search,Casual,45-54,Active
100495,2025-07-14,UK,Paid Social,New,25-34,Active
100496,2026-01-18,CA,Organic Search,Regular,25-34,Active
100497,2025-07-14,FR,Organic Search,Casual,18-24,Active
100498,2025-08-12,US,Organic Search,New,18-24,Active
100499,2026-02-05,NL,Display Ads,New,25-34,Active
100500,2025-09-08,NL,Affiliate,New,18-24,Active
100501,2026-02-22,ES,Display Ads,New,35-44,Active
100502,2025-10-02,DE,Affiliate,Casual,25-34,Active
100503,2025-07-26,CA,Paid Social,New,35-44,Active
100504,2025-11-11,MX,Affiliate,New,18-24,Active
100505,2026-01-11,ES,Affiliate,Casual,25-34,Active
100506,2025-12-15,US,Organic Search,New,35-44,Active
100507,2025-10-17,AU,Affiliate,VIP,55+,Active
100508,2026-02-18,MX,Organic Search,New,18-24,Active
100509,2025-12-15,NL,Affiliate,New,45-54,Active
100510,2025-12-20,BR,Referral,New,35-44,Active
100511,2026-01-11,FR,Organic Search,New,35-44,Active
100512,2025-11-20,UK,Organic Search,New,25-34,Active
100513,2026-02-01,NL,Email Campaign,Casual,18-24,Active
100514,2025-11-07,AU,Affiliate,VIP,18-24,Locked
100515,2025-08-11,US,Organic Search,New,35-44,Active
100516,2026-02-26,US,Display Ads,Casual,25-34,Active
100517,2025-07-10,UK,Organic Search,Casual,45-54,Active
100518,2025-07-27,MX,Referral,Regular,25-34,Active
100519,2025-12-27,NL,Display Ads,New,18-24,Active
100520,2025-10-23,US,Organic Search,New,35-44,Active
100521,2025-08-05,FR,Organic Search,New,25-34,Active
100522,2025-07-21,UK,Organic Search,Casual,25-34,Active
100523,2025-07-16,NL,Paid Social,Regular,35-44,Active
100524,2025-11-04,MX,Organic Search,New,45-54,Self-Excluded
100525,2025-10-11,MX,Referral,New,45-54,Active
100526,2025-07-11,UK,Organic Search,Regular,35-44,Active
100527,2025-09-17,UK,Affiliate,Regular,35-44,Active
100528,2025-10-31,US,Display Ads,VIP,55+,Active
100529,2025-09-03,US,Email Campaign,Casual,25-34,Active
100530,2026-02-28,AU,Affiliate,New,18-24,Active
100531,2025-08-28,MX,Paid Social,Casual,25-34,Active
100532,2025-10-20,NL,Affiliate,Casual,25-34,Active
100533,2026-02-24,NL,Affiliate,New,35-44,Active
100534,2025-11-09,DE,Paid Social,Casual,35-44,Active
100535,2026-01-05,BR,Organic Search,Casual,35-44,Locked
100536,2025-09-24,NL,Email Campaign,New,18-24,Active
100537,2025-08-28,MX,Affiliate,Regular,35-44,Active
100538,2025-09-22,US,Organic Search,Casual,25-34,Active
100539,2025-12-07,UK,Paid Social,VIP,35-44,Active
100540,2025-08-25,US,Paid Social,New,35-44,Active
100541,2025-07-14,NL,Email Campaign,New,25-34,Active
100542,2025-12-07,FR,Referral,Casual,18-24,Active
100543,2026-01-09,US,Referral,New,18-24,Active
100544,2026-01-20,ES,Organic Search,Casual,45-54,Active
100545,2025-10-10,FR,Paid Social,Casual,45-54,Locked
100546,2025-08-08,CA,Affiliate,New,35-44,Active
100547,2025-11-02,US,Organic Search,Casual,18-24,Active
100548,2025-08-22,ES,Paid Social,Casual,25-34,Active
100549,2025-12-02,DE,Referral,New,35-44,Active
100550,2025-08-31,BR,Organic Search,Regular,35-44,Active
100551,2025-07-22,DE,Affiliate,Regular,18-24,Active
100552,2025-12-25,MX,Organic Search,Casual,18-24,Self-Excluded
100553,2026-02-05,DE,Organic Search,Casual,35-44,Active
100554,2026-01-06,DE,Organic Search,Casual,25-34,Active
100555,2025-08-05,AU,Display Ads,Regular,25-34,Active
100556,2025-12-22,UK,Email Campaign,Casual,18-24,Active
100557,2025-07-07,US,Display Ads,Casual,35-44,Active
100558,2026-02-01,US,Affiliate,Regular,45-54,Locked
100559,2026-03-08,BR,Organic Search,New,55+,Active
100560,2025-08-24,FR,Affiliate,Regular,35-44,Active
100561,2026-02-07,ES,Affiliate,New,25-34,Active
100562,2026-01-02,US,Email Campaign,New,18-24,Active
100563,2026-02-21,US,Organic Search,New,35-44,Active
100564,2025-09-17,US,Affiliate,VIP,25-34,Active
100565,2026-02-08,CA,Organic Search,Regular,35-44,Active
100566,2025-09-29,FR,Paid Social,Casual,25-34,Self-Excluded
100567,2025-11-16,UK,Referral,Casual,25-34,Active
100568,2026-03-05,UK,Affiliate,Casual,18-24,Active
100569,2026-02-24,AU,Paid Social,Regular,25-34,Active
100570,2026-02-09,CA,Paid Social,Casual,18-24,Active
100571,2025-11-15,DE,Affiliate,New,18-24,Active
100572,2025-12-13,BR,Email Campaign,New,55+,Active
100573,2025-11-03,UK,Email Campaign,Regular,25-34,Active
100574,2025-08-14,FR,Display Ads,Casual,35-44,Active
100575,2025-11-20,AU,Email Campaign,New,45-54,Active
100576,2026-02-16,NL,Paid Social,New,55+,Active
100577,2025-11-02,US,Referral,Regular,35-44,Active
100578,2026-02-23,NL,Affiliate,New,45-54,Active
100579,2026-01-11,UK,Paid Social,Casual,25-34,Active
100580,2025-12-20,US,Email Campaign,VIP,25-34,Active
100581,2025-07-15,UK,Organic Search,New,25-34,Active
100582,2026-03-11,NL,Display Ads,New,35-44,Active
100583,2025-12-14,UK,Affiliate,Casual,35-44,Active
100584,2025-10-02,CA,Affiliate,Regular,25-34,Active
100585,2026-03-07,FR,Referral,Casual,18-24,Active
100586,2025-10-17,US,Email Campaign,VIP,35-44,Active
100587,2025-12-29,US,Affiliate,New,18-24,Active
100588,2025-11-10,US,Affiliate,Casual,35-44,Locked
100589,2025-12-22,US,Organic Search,Casual,35-44,Active
100590,2025-11-21,US,Affiliate,Regular,35-44,Active
100591,2025-11-19,US,Organic Search,New,35-44,Active
100592,2025-07-06,FR,Referral,Regular,45-54,Active
100593,2025-10-06,US,Affiliate,Casual,25-34,Active
100594,2025-08-13,CA,Referral,New,35-44,Active
100595,2025-11-01,AU,Organic Search,New,35-44,Active
100596,2026-01-25,UK,Organic Search,Regular,25-34,Active
100597,2026-03-08,ES,Referral,New,18-24,Active
100598,2025-11-01,US,Organic Search,New,25-34,Active
100599,2026-03-01,US,Organic Search,New,25-34,Active
100600,2026-03-09,US,Organic Search,Regular,35-44,Active
100601,2026-02-15,US,Display Ads,Casual,45-54,Active
100602,2025-07-09,US,Referral,Regular,25-34,Locked
100603,2025-08-17,US,Paid Social,New,18-24,Active
100604,2025-11-28,US,Paid Social,Casual,55+,Active
100605,2025-10-22,US,Paid Social,Casual,18-24,Active
100606,2026-01-24,UK,Email Campaign,Regular,25-34,Active
100607,2025-11-02,US,Referral,Regular,35-44,Locked
100608,2025-12-04,UK,Organic Search,New,35-44,Active
100609,2026-01-05,DE,Organic Search,Casual,18-24,Active
100610,2026-02-28,ES,Organic Search,New,18-24,Active
100611,2025-12-24,US,Referral,Casual,18-24,Active
100612,2026-02-03,BR,Referral,New,35-44,Active
100613,2025-12-17,FR,Paid Social,New,35-44,Active
100614,2025-12-28,US,Organic Search,New,25-34,Active
100615,2026-02-18,AU,Organic Search,Casual,35-44,Active
100616,2025-11-16,NL,Display Ads,New,45-54,Active
100617,2025-12-04,US,Paid Social,Casual,18-24,Active
100618,2025-11-06,US,Referral,New,25-34,Active
100619,2025-10-27,MX,Affiliate,New,35-44,Active
100620,2025-08-31,BR,Paid Social,Regular,25-34,Active
100621,2025-10-07,US,Organic Search,New,25-34,Active
100622,2025-12-09,US,Organic Search,New,35-44,Active
100623,2025-08-31,UK,Affiliate,Casual,45-54,Locked
100624,2025-10-03,UK,Email Campaign,New,45-54,Active
100625,2025-10-07,FR,Affiliate,New,35-44,Active
100626,2025-10-19,UK,Affiliate,New,35-44,Active
100627,2026-03-05,UK,Organic Search,Regular,25-34,Locked
100628,2025-11-19,BR,Display Ads,Casual,35-44,Active
100629,2025-11-22,US,Email Campaign,Casual,25-34,Active
100630,2025-08-21,US,Paid Social,Casual,25-34,Active
100631,2025-10-08,ES,Display Ads,New,35-44,Active
100632,2025-11-29,AU,Affiliate,New,35-44,Active
100633,2025-10-25,DE,Affiliate,Casual,25-34,Active
100634,2026-01-01,DE,Referral,New,45-54,Active
100635,2025-09-30,US,Email Campaign,New,18-24,Active
100636,2025-12-02,UK,Referral,New,25-34,Active
100637,2025-07-08,DE,Organic Search,New,18-24,Active
100638,2025-09-03,US,Paid Social,VIP,35-44,Active
100639,2025-11-18,US,Display Ads,New,35-44,Active
100640,2025-07-24,UK,Organic Search,Casual,25-34,Active
100641,2025-07-28,US,Paid Social,New,35-44,Active
100642,2025-11-27,CA,Affiliate,VIP,25-34,Active
100643,2025-09-03,US,Affiliate,New,35-44,Active
100644,2026-03-09,CA,Affiliate,New,25-34,Active
100645,2025-08-22,US,Display Ads,Casual,25-34,Active
100646,2025-07-07,AU,Organic Search,Casual,55+,Active
100647,2025-11-23,FR,Organic Search,New,25-34,Active
100648,2026-02-26,ES,Organic Search,New,18-24,Active
100649,2026-03-03,BR,Email Campaign,New,35-44,Active
100650,2026-02-11,UK,Affiliate,New,55+,Active
100651,2025-12-22,US,Paid Social,New,25-34,Active
100652,2025-10-03,DE,Email Campaign,Casual,18-24,Active
100653,2025-07-27,FR,Email Campaign,New,25-34,Active
100654,2025-11-07,BR,Email Campaign,New,25-34,Active
100655,2026-03-02,UK,Display Ads,Casual,18-24,Active
100656,2025-08-28,US,Paid Social,VIP,35-44,Active
100657,2025-08-03,CA,Referral,Casual,55+,Active
100658,2026-01-22,UK,Affiliate,New,25-34,Active
100659,2026-03-09,FR,Email Campaign,New,25-34,Locked
100660,2025-08-07,DE,Referral,VIP,25-34,Active
100661,2025-07-28,CA,Email Campaign,New,18-24,Active
100662,2025-09-16,NL,Referral,New,45-54,Active
100663,2025-09-15,FR,Organic Search,Casual,25-34,Active
100664,2025-12-03,US,Affiliate,Casual,25-34,Active
100665,2025-08-13,US,Display Ads,Casual,35-44,Active
100666,2025-11-05,US,Display Ads,New,25-34,Active
100667,2025-08-30,US,Organic Search,New,35-44,Active
100668,2026-01-30,US,Organic Search,VIP,18-24,Active
100669,2025-10-24,US,Organic Search,New,45-54,Active
100670,2026-01-11,CA,Referral,Casual,55+,Active
100671,2026-02-16,US,Email Campaign,Casual,35-44,Active
100672,2026-02-12,AU,Organic Search,Casual,55+,Active
100673,2025-11-30,US,Affiliate,New,18-24,Active
100674,2026-02-05,DE,Email Campaign,New,25-34,Active
100675,2025-12-04,UK,Referral,Casual,35-44,Active
100676,2025-07-31,NL,Affiliate,Regular,35-44,Active
100677,2025-08-20,US,Affiliate,Regular,25-34,Active
100678,2025-10-15,UK,Affiliate,New,25-34,Active
100679,2025-10-17,NL,Paid Social,New,18-24,Active
100680,2025-11-13,AU,Affiliate,Regular,25-34,Active
100681,2025-08-11,MX,Referral,Casual,18-24,Active
100682,2025-09-19,US,Email Campaign,Regular,35-44,Active
100683,2025-10-31,US,Affiliate,New,25-34,Active
100684,2025-09-27,ES,Referral,Casual,18-24,Active
100685,2025-08-08,NL,Organic Search,Casual,35-44,Active
100686,2025-09-19,DE,Affiliate,Casual,35-44,Self-Excluded
100687,2025-07-02,DE,Organic Search,New,45-54,Active
100688,2026-01-26,US,Organic Search,New,35-44,Active
100689,2026-02-16,BR,Referral,Casual,25-34,Active
100690,2026-02-26,US,Display Ads,New,45-54,Active
100691,2025-11-27,CA,Organic Search,Casual,35-44,Active
100692,2025-07-17,UK,Paid Social,VIP,18-24,Active
100693,2025-10-27,DE,Email Campaign,New,35-44,Active
100694,2025-11-25,US,Organic Search,Regular,45-54,Active
100695,2025-11-22,US,Affiliate,New,25-34,Active
100696,2026-02-18,FR,Referral,Casual,25-34,Active
100697,2025-08-06,CA,Affiliate,VIP,18-24,Active
100698,2025-10-28,FR,Organic Search,New,18-24,Active
100699,2025-11-13,US,Paid Social,New,25-34,Active
100700,2025-10-10,UK,Email Campaign,New,35-44,Active
100701,2026-02-03,DE,Affiliate,New,18-24,Active
100702,2025-08-28,US,Organic Search,Casual,55+,Active
100703,2025-10-24,CA,Referral,Regular,35-44,Active
100704,2025-09-15,US,Organic Search,New,35-44,Active
100705,2025-11-14,US,Referral,New,45-54,Active
100706,2025-09-11,NL,Organic Search,New,18-24,Active
100707,2025-08-06,CA,Display Ads,Casual,25-34,Active
100708,2025-07-31,MX,Paid Social,New,35-44,Active
100709,2025-09-23,US,Paid Social,Casual,45-54,Active
100710,2025-12-05,ES,Organic Search,Casual,45-54,Active
100711,2025-11-25,BR,Paid Social,Casual,25-34,Active
100712,2026-02-10,FR,Email Campaign,New,55+,Active
100713,2025-09-02,UK,Display Ads,Casual,18-24,Active
100714,2026-02-25,UK,Paid Social,New,45-54,Active
100715,2025-12-03,CA,Affiliate,New,55+,Active
100716,2026-01-23,NL,Referral,Regular,18-24,Active
100717,2025-11-17,MX,Email Campaign,Casual,35-44,Active
100718,2026-03-14,NL,Affiliate,New,18-24,Active
100719,2026-03-10,US,Paid Social,New,25-34,Active
100720,2026-02-10,BR,Paid Social,New,25-34,Active
100721,2025-08-11,NL,Referral,New,35-44,Active
100722,2025-07-21,US,Organic Search,New,55+,Active
100723,2026-02-07,US,Affiliate,New,35-44,Active
100724,2025-12-13,BR,Paid Social,Casual,25-34,Active
100725,2025-11-06,DE,Email Campaign,Casual,45-54,Active
100726,2025-07-14,MX,Organic Search,Casual,55+,Active
100727,2025-08-16,US,Affiliate,Casual,18-24,Active
100728,2025-10-26,BR,Affiliate,New,55+,Active
100729,2025-07-11,US,Affiliate,VIP,18-24,Active
100730,2025-11-15,US,Organic Search,Regular,45-54,Active
100731,2025-07-21,US,Affiliate,Regular,25-34,Active
100732,2025-09-28,MX,Affiliate,Regular,18-24,Active
100733,2026-02-26,ES,Affiliate,Regular,25-34,Active
100734,2026-02-12,DE,Affiliate,Casual,35-44,Active
100735,2025-11-20,CA,Referral,New,25-34,Active
100736,2025-10-01,AU,Email Campaign,Casual,18-24,Active
100737,2026-02-09,UK,Paid Social,Casual,35-44,Active
100738,2026-03-09,MX,Email Campaign,Casual,45-54,Active
100739,2025-08-16,UK,Affiliate,Casual,25-34,Active
100740,2026-02-26,UK,Organic Search,New,25-34,Active
100741,2025-12-26,UK,Organic Search,New,25-34,Active
100742,2026-01-26,CA,Paid Social,Regular,18-24,Active
100743,2025-12-18,BR,Email Campaign,Casual,45-54,Active
100744,2025-12-12,DE,Referral,Casual,45-54,Active
100745,2025-08-23,US,Email Campaign,New,35-44,Active
100746,2025-09-21,AU,Affiliate,New,25-34,Active
100747,2025-12-16,UK,Affiliate,Regular,45-54,Active
100748,2026-01-27,DE,Organic Search,Casual,35-44,Active
100749,2026-03-11,AU,Paid Social,Regular,45-54,Active
100750,2025-11-25,FR,Affiliate,Casual,35-44,Active
100751,2026-01-22,US,Organic Search,Casual,45-54,Active
100752,2025-07-19,NL,Organic Search,New,35-44,Active
100753,2026-02-18,FR,Affiliate,Casual,25-34,Active
100754,2025-08-15,CA,Referral,New,55+,Active
100755,2025-12-09,US,Display Ads,New,35-44,Active
100756,2025-11-07,BR,Display Ads,Casual,35-44,Active
100757,2025-12-13,FR,Affiliate,Regular,25-34,Active
100758,2025-08-29,DE,Paid Social,New,35-44,Active
100759,2026-01-23,AU,Affiliate,Regular,35-44,Active
100760,2025-07-01,BR,Email Campaign,New,25-34,Active
100761,2026-02-22,US,Organic Search,New,18-24,Active
100762,2026-01-28,CA,Paid Social,New,35-44,Self-Excluded
100763,2025-07-28,US,Email Campaign,New,35-44,Active
100764,2025-10-05,BR,Paid Social,Casual,25-34,Active
100765,2026-01-02,US,Affiliate,New,25-34,Active
100766,2026-03-13,DE,Affiliate,Casual,35-44,Active
100767,2026-02-12,BR,Organic Search,Regular,18-24,Active
100768,2025-07-27,AU,Paid Social,New,25-34,Active
100769,2025-10-13,CA,Paid Social,Casual,18-24,Active
100770,2025-11-14,MX,Organic Search,New,25-34,Locked
100771,2025-09-06,US,Organic Search,Casual,25-34,Locked
100772,2025-11-25,MX,Email Campaign,New,25-34,Active
100773,2026-02-10,US,Paid Social,New,18-24,Active
100774,2026-03-06,UK,Affiliate,New,25-34,Active
100775,2025-09-01,BR,Paid Social,New,25-34,Active
100776,2025-07-15,US,Display Ads,New,25-34,Active
100777,2025-10-31,US,Paid Social,Casual,25-34,Active
100778,2025-09-20,BR,Paid Social,Regular,45-54,Locked
100779,2025-12-07,BR,Email Campaign,Regular,18-24,Active
100780,2025-07-08,FR,Email Campaign,Casual,25-34,Active
100781,2026-01-25,ES,Organic Search,New,18-24,Active
100782,2025-08-17,DE,Email Campaign,New,18-24,Active
100783,2025-10-24,US,Affiliate,New,35-44,Active
100784,2025-08-28,CA,Affiliate,New,35-44,Active
100785,2026-02-22,US,Organic Search,Casual,45-54,Active
100786,2025-08-30,AU,Organic Search,Casual,35-44,Active
100787,2025-09-17,FR,Referral,New,55+,Active
100788,2026-03-13,UK,Affiliate,New,18-24,Active
100789,2025-11-27,UK,Affiliate,Regular,18-24,Active
100790,2025-11-17,NL,Referral,Regular,18-24,Active
100791,2026-01-29,US,Referral,New,25-34,Active
100792,2026-03-05,FR,Organic Search,Regular,35-44,Active
100793,2026-02-27,DE,Affiliate,VIP,35-44,Active
100794,2025-11-02,FR,Organic Search,New,18-24,Locked
100795,2026-02-19,US,Referral,New,55+,Active
100796,2025-09-13,AU,Referral,Casual,45-54,Active
100797,2026-01-13,NL,Display Ads,Regular,25-34,Active
100798,2025-10-06,DE,Organic Search,Regular,18-24,Active
100799,2025-09-08,ES,Organic Search,New,18-24,Active
100800,2025-08-05,NL,Paid Social,New,18-24,Active
100801,2025-11-19,ES,Paid Social,Casual,18-24,Active
100802,2026-01-29,US,Organic Search,Casual,25-34,Active
100803,2025-12-22,DE,Display Ads,New,25-34,Active
100804,2025-11-14,FR,Organic Search,Regular,25-34,Active
100805,2025-07-02,UK,Paid Social,Casual,55+,Active
100806,2025-11-22,BR,Referral,Regular,35-44,Active
100807,2025-11-30,NL,Affiliate,Regular,55+,Active
100808,2026-03-08,NL,Email Campaign,Casual,18-24,Active
100809,2025-09-15,UK,Organic Search,New,25-34,Active
100810,2026-02-14,US,Affiliate,Casual,35-44,Active
100811,2026-03-05,NL,Organic Search,New,18-24,Active
100812,2025-12-24,MX,Organic Search,Casual,18-24,Active
100813,2025-12-18,US,Display Ads,New,35-44,Active
100814,2026-01-10,NL,Organic Search,Casual,35-44,Active
100815,2026-02-19,AU,Affiliate,New,25-34,Active
100816,2025-12-12,DE,Paid Social,New,25-34,Active
100817,2025-10-05,FR,Paid Social,New,25-34,Active
100818,2025-10-31,UK,Email Campaign,New,18-24,Active
100819,2026-01-13,US,Organic Search,Casual,25-34,Active
100820,2025-10-28,CA,Referral,Casual,18-24,Active
100821,2026-01-27,MX,Display Ads,Casual,18-24,Active
100822,2025-07-23,US,Affiliate,New,55+,Active
100823,2025-12-10,CA,Display Ads,New,35-44,Active
100824,2026-02-28,UK,Organic Search,New,35-44,Active
100825,2026-01-12,DE,Paid Social,New,25-34,Active
100826,2026-01-14,AU,Paid Social,Regular,25-34,Active
100827,2025-09-16,CA,Referral,New,25-34,Active
100828,2026-03-11,CA,Display Ads,New,18-24,Active
100829,2025-07-19,BR,Paid Social,New,18-24,Active
100830,2025-09-03,UK,Referral,New,45-54,Active
100831,2026-03-15,US,Organic Search,Casual,35-44,Active
100832,2025-12-17,UK,Affiliate,Casual,35-44,Active
100833,2025-08-21,US,Affiliate,New,25-34,Active
100834,2026-02-11,US,Display Ads,New,45-54,Active
100835,2025-08-21,UK,Affiliate,New,18-24,Active
100836,2026-02-19,UK,Paid Social,New,25-34,Active
100837,2025-07-08,AU,Organic Search,New,25-34,Active
100838,2025-09-12,UK,Organic Search,VIP,45-54,Active
100839,2026-01-26,FR,Organic Search,Casual,55+,Active
100840,2025-09-18,FR,Paid Social,Casual,25-34,Active
100841,2025-08-08,US,Email Campaign,New,45-54,Active
100842,2026-02-26,ES,Affiliate,New,45-54,Active
100843,2025-11-13,US,Affiliate,Casual,25-34,Active
100844,2025-12-21,NL,Organic Search,Casual,25-34,Active
100845,2026-01-20,US,Email Campaign,Casual,25-34,Active
100846,2025-08-11,UK,Referral,New,55+,Active
100847,2025-12-16,US,Organic Search,Casual,25-34,Active
100848,2026-01-11,NL,Referral,New,45-54,Active
100849,2025-12-10,DE,Affiliate,Regular,25-34,Active
100850,2026-03-07,FR,Organic Search,Casual,35-44,Active
100851,2025-07-19,US,Affiliate,Casual,25-34,Active
100852,2025-08-05,BR,Affiliate,New,35-44,Active
100853,2025-10-29,US,Organic Search,Casual,45-54,Active
100854,2025-11-25,AU,Display Ads,New,45-54,Active
100855,2025-10-25,US,Email Campaign,New,45-54,Active
100856,2025-08-16,US,Referral,New,18-24,Active
100857,2026-02-08,US,Affiliate,Casual,35-44,Active
100858,2025-08-20,UK,Paid Social,New,18-24,Active
100859,2025-08-21,DE,Referral,New,25-34,Locked
100860,2026-02-13,US,Affiliate,Regular,35-44,Active
100861,2025-09-24,BR,Organic Search,New,25-34,Active
100862,2025-12-01,UK,Affiliate,Casual,25-34,Active
100863,2025-07-15,DE,Email Campaign,New,55+,Active
100864,2025-07-24,UK,Affiliate,New,18-24,Active
100865,2025-12-14,UK,Organic Search,Regular,35-44,Active
100866,2025-07-29,DE,Email Campaign,New,25-34,Active
100867,2025-11-28,US,Organic Search,Casual,18-24,Active
100868,2025-12-31,US,Paid Social,Casual,18-24,Active
100869,2026-01-08,AU,Organic Search,Casual,55+,Active
100870,2026-02-06,NL,Paid Social,Casual,45-54,Active
100871,2025-09-13,UK,Referral,New,45-54,Active
100872,2025-11-03,US,Affiliate,New,55+,Active
100873,2026-01-27,FR,Organic Search,Casual,25-34,Active
100874,2025-10-01,UK,Email Campaign,Casual,25-34,Active
100875,2025-09-26,US,Email Campaign,Regular,35-44,Active
100876,2025-09-28,US,Email Campaign,Regular,25-34,Active
100877,2025-08-10,ES,Organic Search,Regular,25-34,Active
100878,2026-01-12,FR,Affiliate,Casual,25-34,Active
100879,2025-11-01,US,Display Ads,New,35-44,Active
100880,2026-03-12,US,Email Campaign,Regular,35-44,Active
100881,2025-09-12,US,Organic Search,Casual,18-24,Active
100882,2025-10-27,ES,Organic Search,New,25-34,Active
100883,2026-02-22,US,Affiliate,Regular,35-44,Active
100884,2025-11-08,US,Display Ads,Regular,35-44,Active
100885,2026-02-21,BR,Affiliate,Casual,25-34,Active
100886,2025-11-08,US,Affiliate,New,35-44,Active
100887,2025-07-05,FR,Organic Search,New,18-24,Active
100888,2026-02-24,US,Referral,Regular,25-34,Active
100889,2025-11-25,US,Email Campaign,Regular,45-54,Active
100890,2025-09-19,US,Paid Social,New,35-44,Active
100891,2025-08-07,BR,Email Campaign,New,25-34,Active
100892,2026-02-12,MX,Display Ads,Regular,35-44,Active
100893,2025-12-24,MX,Organic Search,New,35-44,Active
100894,2025-12-01,UK,Affiliate,Casual,45-54,Active
100895,2026-02-03,ES,Paid Social,VIP,35-44,Active
100896,2025-11-06,US,Email Campaign,New,35-44,Active
100897,2026-02-19,CA,Affiliate,Casual,25-34,Active
100898,2025-12-02,AU,Affiliate,New,18-24,Active
100899,2025-10-10,US,Email Campaign,New,25-34,Locked
100900,2026-01-13,US,Paid Social,Regular,25-34,Active
100901,2026-03-05,US,Display Ads,New,35-44,Active
100902,2025-08-24,US,Affiliate,VIP,25-34,Active
100903,2025-10-30,US,Organic Search,Casual,25-34,Active
100904,2026-01-12,FR,Referral,New,18-24,Active
100905,2025-12-31,UK,Email Campaign,New,25-34,Active
100906,2025-11-29,AU,Paid Social,New,25-34,Active
100907,2025-11-29,MX,Email Campaign,New,35-44,Active
100908,2025-07-12,CA,Display Ads,New,18-24,Active
100909,2026-01-19,US,Paid Social,New,35-44,Active
100910,2025-11-18,UK,Display Ads,Casual,55+,Active
100911,2025-07-05,FR,Organic Search,Casual,18-24,Active
100912,2025-07-26,US,Organic Search,Casual,25-34,Locked
100913,2026-03-12,FR,Organic Search,Casual,18-24,Active
100914,2025-11-24,UK,Email Campaign,New,35-44,Active
100915,2025-10-26,DE,Referral,New,35-44,Active
100916,2025-12-28,UK,Organic Search,Casual,25-34,Active
100917,2025-10-21,CA,Affiliate,Casual,25-34,Active
100918,2025-10-06,NL,Affiliate,New,45-54,Active
100919,2025-11-06,BR,Organic Search,Regular,25-34,Active
100920,2025-09-09,US,Email Campaign,Regular,18-24,Active
100921,2025-08-19,AU,Email Campaign,Casual,45-54,Active
100922,2025-07-21,UK,Affiliate,New,35-44,Active
100923,2025-12-06,AU,Display Ads,Casual,45-54,Active
100924,2026-02-11,BR,Paid Social,Casual,35-44,Active
100925,2025-07-18,UK,Display Ads,Regular,45-54,Active
100926,2026-01-03,US,Referral,Casual,25-34,Active
100927,2025-09-06,US,Affiliate,Regular,35-44,Active
100928,2025-08-16,DE,Organic Search,Casual,45-54,Active
100929,2025-11-29,FR,Email Campaign,New,35-44,Active
100930,2025-12-15,US,Paid Social,Casual,25-34,Active
100931,2026-01-29,US,Organic Search,Casual,25-34,Active
100932,2025-09-28,MX,Organic Search,Casual,25-34,Active
100933,2025-10-11,NL,Affiliate,New,25-34,Active
100934,2025-09-06,DE,Affiliate,New,25-34,Active
100935,2026-01-04,US,Referral,Regular,35-44,Active
100936,2026-03-14,US,Email Campaign,Casual,35-44,Active
100937,2025-11-17,US,Organic Search,Regular,25-34,Active
100938,2025-09-23,AU,Referral,Casual,35-44,Active
100939,2025-11-09,US,Organic Search,Casual,18-24,Active
100940,2026-03-04,DE,Email Campaign,Casual,18-24,Active
100941,2025-11-29,US,Email Campaign,Regular,18-24,Active
100942,2025-12-21,DE,Affiliate,Casual,25-34,Active
100943,2025-08-28,FR,Referral,Casual,25-34,Active
100944,2026-02-25,MX,Paid Social,New,25-34,Self-Excluded
100945,2025-08-08,US,Affiliate,Casual,25-34,Active
100946,2025-09-11,US,Email Campaign,Casual,45-54,Active
100947,2025-10-24,US,Affiliate,New,18-24,Active
100948,2026-01-20,AU,Paid Social,New,35-44,Locked
100949,2026-01-04,AU,Affiliate,New,35-44,Self-Excluded
100950,2025-08-16,FR,Email Campaign,New,45-54,Active
100951,2026-01-19,FR,Paid Social,New,55+,Active
100952,2025-07-08,ES,Organic Search,New,18-24,Active
100953,2025-11-13,US,Referral,Regular,18-24,Active
100954,2025-09-02,AU,Email Campaign,Casual,45-54,Active
100955,2026-02-18,UK,Organic Search,New,25-34,Active
100956,2026-01-05,UK,Organic Search,New,35-44,Active
100957,2025-11-12,DE,Organic Search,Casual,35-44,Active
100958,2026-01-12,US,Paid Social,New,35-44,Active
100959,2026-01-07,US,Affiliate,Regular,55+,Active
100960,2025-08-25,BR,Referral,Casual,55+,Active
100961,2025-10-28,US,Referral,Regular,35-44,Active
100962,2026-02-27,FR,Affiliate,New,25-34,Active
100963,2025-07-13,US,Paid Social,Casual,45-54,Active
100964,2025-12-15,UK,Email Campaign,New,18-24,Active
100965,2025-10-22,CA,Affiliate,Regular,25-34,Active
100966,2025-08-02,CA,Display Ads,Casual,45-54,Active
100967,2026-02-23,ES,Affiliate,New,25-34,Active
100968,2025-12-02,CA,Organic Search,New,25-34,Active
100969,2026-01-26,DE,Referral,New,18-24,Active
100970,2025-08-29,UK,Paid Social,Casual,45-54,Active
100971,2025-09-10,ES,Referral,New,25-34,Active
100972,2025-07-24,NL,Organic Search,Casual,35-44,Active
100973,2025-07-20,BR,Organic Search,New,25-34,Active
100974,2025-12-03,US,Email Campaign,Casual,35-44,Active
100975,2026-03-10,US,Organic Search,Regular,35-44,Active
100976,2025-08-29,US,Email Campaign,Regular,25-34,Active
100977,2025-08-19,FR,Paid Social,Casual,25-34,Active
100978,2025-10-29,US,Affiliate,New,25-34,Active
100979,2025-09-08,UK,Referral,New,55+,Active
100980,2026-01-15,FR,Affiliate,Casual,35-44,Active
100981,2026-02-18,CA,Paid Social,New,55+,Active
100982,2026-01-06,BR,Organic Search,New,25-34,Active
100983,2026-01-31,US,Organic Search,New,45-54,Active
100984,2025-09-18,US,Paid Social,New,35-44,Active
100985,2026-01-29,BR,Referral,New,35-44,Active
100986,2025-08-20,UK,Display Ads,Regular,55+,Active
100987,2026-03-08,ES,Email Campaign,New,25-34,Active
100988,2026-01-25,UK,Referral,Casual,18-24,Active
100989,2025-11-21,US,Email Campaign,New,35-44,Self-Excluded
100990,2025-07-17,MX,Referral,Casual,35-44,Active
100991,2026-01-06,BR,Paid Social,New,35-44,Active
100992,2025-10-20,ES,Display Ads,Regular,25-34,Active
100993,2026-02-13,US,Referral,Regular,25-34,Locked
100994,2026-02-13,FR,Affiliate,New,25-34,Active
100995,2025-10-29,UK,Organic Search,Regular,25-34,Active
100996,2026-01-02,US,Affiliate,VIP,35-44,Active
100997,2025-08-20,AU,Affiliate,Regular,35-44,Active
100998,2026-01-05,US,Email Campaign,Regular,25-34,Locked
100999,2025-12-31,NL,Affiliate,New,25-34,Locked
101000,2025-08-01,UK,Paid Social,Casual,25-34,Active
101001,2026-01-20,US,Display Ads,New,25-34,Active
101002,2025-11-19,DE,Organic Search,New,45-54,Active
101003,2025-10-06,AU,Paid Social,VIP,45-54,Active
101004,2025-09-01,BR,Organic Search,New,25-34,Active
101005,2026-02-18,MX,Referral,Casual,35-44,Active
101006,2025-08-16,FR,Display Ads,Regular,45-54,Active
101007,2025-10-17,ES,Paid Social,Regular,45-54,Active
101008,2025-07-11,MX,Email Campaign,VIP,25-34,Locked
101009,2025-07-26,US,Paid Social,New,55+,Active
101010,2025-12-18,UK,Display Ads,New,25-34,Active
101011,2025-11-02,US,Referral,New,25-34,Active
101012,2025-09-03,NL,Email Campaign,New,18-24,Self-Excluded
101013,2025-10-14,NL,Organic Search,New,25-34,Active
101014,2025-08-05,US,Display Ads,New,18-24,Active
101015,2025-10-15,ES,Referral,Regular,25-34,Active
101016,2025-10-19,NL,Paid Social,Casual,25-34,Active
101017,2025-10-28,US,Email Campaign,New,45-54,Active
101018,2025-12-16,DE,Paid Social,Casual,45-54,Active
101019,2025-09-14,AU,Email Campaign,New,25-34,Active
101020,2025-07-02,US,Organic Search,New,45-54,Active
101021,2025-11-19,ES,Referral,Casual,45-54,Active
101022,2025-09-13,CA,Affiliate,Casual,35-44,Active
101023,2025-09-05,NL,Organic Search,Casual,18-24,Active
101024,2025-11-06,NL,Organic Search,New,35-44,Active
101025,2025-09-28,NL,Organic Search,Regular,55+,Active
101026,2025-08-26,UK,Affiliate,Casual,35-44,Active
101027,2025-07-14,AU,Paid Social,Casual,25-34,Active
101028,2025-09-06,MX,Affiliate,Casual,25-34,Active
101029,2025-07-08,CA,Paid Social,Regular,35-44,Active
101030,2025-12-31,MX,Paid Social,Casual,25-34,Active
101031,2025-10-30,US,Referral,Casual,18-24,Self-Excluded
101032,2025-12-13,FR,Organic Search,VIP,25-34,Active
101033,2025-07-09,US,Display Ads,Casual,45-54,Active
101034,2025-09-28,US,Email Campaign,New,45-54,Active
101035,2025-11-13,US,Referral,Casual,18-24,Active
101036,2025-07-27,ES,Affiliate,New,55+,Active
101037,2025-09-03,CA,Email Campaign,New,25-34,Active
101038,2026-02-01,BR,Organic Search,Casual,35-44,Active
101039,2025-08-28,US,Organic Search,Regular,35-44,Active
101040,2025-08-02,CA,Organic Search,Regular,45-54,Active
101041,2026-03-01,DE,Email Campaign,New,55+,Active
101042,2026-02-15,BR,Organic Search,Casual,25-34,Active
101043,2026-01-02,CA,Affiliate,New,45-54,Active
101044,2025-08-25,FR,Display Ads,VIP,18-24,Active
101045,2026-02-17,AU,Email Campaign,VIP,35-44,Active
101046,2026-03-15,FR,Affiliate,Casual,35-44,Active
101047,2025-10-22,US,Organic Search,Regular,35-44,Active
101048,2025-07-23,US,Email Campaign,Casual,25-34,Active
101049,2025-12-02,AU,Affiliate,Casual,45-54,Active
101050,2026-02-20,US,Organic Search,New,18-24,Active
101051,2025-07-16,AU,Organic Search,Casual,18-24,Active
101052,2025-08-01,DE,Display Ads,Casual,35-44,Active
101053,2026-03-03,NL,Referral,Casual,25-34,Active
101054,2026-01-22,BR,Email Campaign,New,45-54,Active
101055,2026-02-04,NL,Email Campaign,Regular,25-34,Active
101056,2025-08-25,CA,Affiliate,New,18-24,Active
101057,2026-03-09,BR,Affiliate,Casual,45-54,Active
101058,2026-02-13,UK,Affiliate,Casual,35-44,Active
101059,2025-08-07,UK,Paid Social,Casual,25-34,Active
101060,2025-08-11,FR,Affiliate,Casual,35-44,Active
101061,2025-12-12,AU,Email Campaign,New,25-34,Active
101062,2025-09-14,NL,Affiliate,New,35-44,Active
101063,2025-08-03,BR,Email Campaign,Casual,25-34,Active
101064,2025-09-03,UK,Affiliate,Casual,45-54,Active
101065,2025-11-18,UK,Affiliate,New,45-54,Active
101066,2025-12-14,BR,Affiliate,Casual,35-44,Active
101067,2026-01-12,US,Affiliate,Casual,18-24,Active
101068,2025-11-28,US,Referral,Casual,45-54,Active
101069,2026-02-18,CA,Organic Search,Regular,35-44,Active
101070,2026-02-06,CA,Affiliate,New,35-44,Active
101071,2025-08-20,CA,Organic Search,New,25-34,Active
101072,2025-08-28,US,Paid Social,Regular,45-54,Active
101073,2025-10-19,US,Affiliate,Casual,35-44,Active
101074,2026-02-06,US,Referral,Casual,18-24,Active
101075,2026-02-17,NL,Display Ads,Regular,25-34,Active
101076,2025-10-25,UK,Affiliate,Regular,45-54,Active
101077,2026-01-28,UK,Referral,VIP,18-24,Active
101078,2025-12-21,ES,Affiliate,Casual,55+,Active
101079,2026-02-18,US,Affiliate,Casual,35-44,Active
101080,2026-01-21,NL,Organic Search,New,35-44,Active
101081,2026-01-29,BR,Paid Social,New,25-34,Active
101082,2025-08-18,US,Paid Social,Casual,25-34,Active
101083,2025-12-08,UK,Affiliate,New,55+,Active
101084,2026-02-04,AU,Organic Search,Regular,25-34,Self-Excluded
101085,2025-12-08,NL,Organic Search,Casual,35-44,Active
101086,2025-11-08,UK,Paid Social,Casual,25-34,Active
101087,2026-01-08,FR,Display Ads,New,18-24,Active
101088,2025-09-17,US,Paid Social,New,18-24,Active
101089,2026-02-28,NL,Affiliate,New,35-44,Active
101090,2025-08-04,US,Organic Search,New,55+,Active
101091,2025-08-16,NL,Affiliate,New,25-34,Active
101092,2025-08-13,FR,Paid Social,Casual,25-34,Active
101093,2025-08-17,FR,Organic Search,Regular,25-34,Active
101094,2026-02-07,DE,Affiliate,Regular,25-34,Active
101095,2025-08-19,US,Organic Search,Casual,25-34,Active
101096,2026-01-07,US,Organic Search,New,45-54,Active
101097,2025-09-05,US,Organic Search,Regular,25-34,Active
101098,2025-07-31,US,Organic Search,Regular,25-34,Active
101099,2025-12-16,BR,Organic Search,New,18-24,Active
101100,2025-09-01,CA,Paid Social,Casual,55+,Active
101101,2026-01-27,US,Email Campaign,New,25-34,Active
101102,2025-12-29,NL,Affiliate,Regular,18-24,Active
101103,2026-02-02,AU,Affiliate,VIP,35-44,Active
101104,2025-07-27,NL,Paid Social,New,35-44,Active
101105,2025-11-25,NL,Display Ads,Regular,25-34,Active
101106,2025-12-07,US,Paid Social,Casual,25-34,Active
101107,2025-12-28,UK,Organic Search,VIP,45-54,Active
101108,2025-08-23,BR,Affiliate,Casual,25-34,Active
101109,2025-10-17,ES,Organic Search,Regular,45-54,Active
101110,2025-09-18,US,Paid Social,New,35-44,Active
101111,2026-03-04,MX,Affiliate,New,25-34,Active
101112,2025-10-23,US,Email Campaign,New,25-34,Active
101113,2025-08-25,US,Affiliate,VIP,25-34,Active
101114,2025-12-27,DE,Referral,Regular,35-44,Active
101115,2026-01-05,FR,Display Ads,Regular,25-34,Active
101116,2025-08-28,FR,Organic Search,Regular,25-34,Active
101117,2025-11-20,US,Paid Social,New,35-44,Locked
101118,2025-10-24,AU,Paid Social,New,55+,Active
101119,2026-02-05,US,Paid Social,New,25-34,Active
101120,2025-07-14,US,Paid Social,New,45-54,Active
101121,2025-11-14,AU,Display Ads,New,25-34,Active
101122,2025-07-15,NL,Referral,Casual,18-24,Locked
101123,2025-10-01,AU,Affiliate,New,25-34,Active
101124,2025-11-17,MX,Paid Social,New,25-34,Active
101125,2025-12-06,FR,Email Campaign,New,25-34,Active
101126,2025-12-21,DE,Display Ads,New,18-24,Active
101127,2025-12-27,US,Email Campaign,VIP,45-54,Active
101128,2025-07-04,UK,Organic Search,Casual,45-54,Active
101129,2025-10-01,UK,Affiliate,VIP,35-44,Active
101130,2025-09-12,US,Organic Search,New,18-24,Active
101131,2026-01-22,BR,Paid Social,New,18-24,Active
101132,2025-08-05,UK,Organic Search,Regular,18-24,Active
101133,2025-09-11,US,Affiliate,New,35-44,Active
101134,2025-07-16,US,Referral,New,45-54,Self-Excluded
101135,2025-08-16,ES,Organic Search,New,25-34,Active
101136,2025-10-19,US,Paid Social,New,18-24,Active
101137,2026-01-09,MX,Affiliate,New,25-34,Active
101138,2026-01-31,UK,Paid Social,New,25-34,Active
101139,2026-02-18,UK,Organic Search,Casual,25-34,Active
101140,2025-12-22,FR,Paid Social,New,35-44,Active
101141,2025-09-19,MX,Referral,New,35-44,Active
101142,2026-01-06,CA,Organic Search,Regular,18-24,Active
101143,2025-12-07,ES,Organic Search,New,18-24,Active
101144,2025-12-14,DE,Paid Social,New,55+,Active
101145,2025-08-13,US,Display Ads,Regular,25-34,Locked
101146,2025-07-27,AU,Referral,New,18-24,Active
101147,2025-09-18,BR,Referral,New,25-34,Active
101148,2025-09-19,FR,Paid Social,Casual,18-24,Active
101149,2025-07-26,MX,Affiliate,New,25-34,Active
101150,2025-08-11,AU,Organic Search,Casual,45-54,Active
101151,2025-11-17,ES,Affiliate,Regular,25-34,Active
101152,2026-02-12,MX,Display Ads,New,25-34,Active
101153,2026-02-03,ES,Affiliate,Casual,35-44,Active
101154,2026-03-06,ES,Email Campaign,Casual,25-34,Active
101155,2026-02-12,FR,Referral,New,45-54,Active
101156,2026-01-29,BR,Organic Search,Casual,45-54,Active
101157,2025-11-17,US,Display Ads,New,18-24,Active
101158,2025-10-19,AU,Organic Search,Casual,35-44,Active
101159,2025-08-28,AU,Affiliate,New,25-34,Active
101160,2025-12-24,US,Organic Search,Casual,55+,Active
101161,2026-02-06,MX,Organic Search,New,25-34,Active
101162,2025-08-26,US,Paid Social,Regular,55+,Active
101163,2025-11-23,CA,Paid Social,New,35-44,Active
101164,2026-03-07,BR,Affiliate,New,25-34,Active
101165,2025-12-05,US,Affiliate,Casual,35-44,Active
101166,2025-07-24,MX,Organic Search,Casual,55+,Active
101167,2025-10-21,MX,Organic Search,Casual,45-54,Active
101168,2026-01-19,DE,Affiliate,Casual,18-24,Active
101169,2025-07-29,US,Paid Social,Regular,35-44,Active
101170,2025-07-04,CA,Referral,Regular,25-34,Active
101171,2025-10-13,FR,Referral,New,18-24,Active
101172,2025-12-02,NL,Email Campaign,Casual,25-34,Active
101173,2025-10-17,FR,Referral,Regular,25-34,Active
101174,2025-09-09,US,Paid Social,VIP,45-54,Active
101175,2025-11-08,FR,Referral,Regular,25-34,Active
101176,2025-11-26,DE,Paid Social,New,45-54,Active
101177,2025-12-15,BR,Paid Social,New,18-24,Active
101178,2025-08-31,US,Email Campaign,Casual,25-34,Active
101179,2025-07-04,BR,Affiliate,Casual,25-34,Active
101180,2026-03-12,DE,Email Campaign,Casual,25-34,Active
101181,2026-02-06,NL,Email Campaign,Casual,18-24,Active
101182,2025-09-28,CA,Email Campaign,Regular,25-34,Active
101183,2025-09-05,FR,Display Ads,New,35-44,Locked
101184,2026-01-11,NL,Affiliate,Regular,25-34,Active
101185,2025-10-26,US,Paid Social,New,25-34,Active
101186,2026-03-14,NL,Affiliate,New,25-34,Active
101187,2025-12-29,ES,Paid Social,Casual,45-54,Active
101188,2025-08-06,US,Affiliate,Casual,45-54,Active
101189,2026-01-20,CA,Referral,New,25-34,Active
101190,2025-07-22,ES,Referral,New,25-34,Active
101191,2026-02-09,US,Paid Social,VIP,18-24,Active
101192,2025-07-10,FR,Organic Search,New,55+,Active
101193,2026-02-21,CA,Affiliate,Casual,18-24,Active
101194,2025-08-09,FR,Organic Search,Casual,25-34,Active
101195,2025-12-08,US,Email Campaign,Casual,25-34,Active
101196,2026-02-05,AU,Paid Social,Casual,25-34,Active
101197,2026-01-24,NL,Organic Search,New,18-24,Active
101198,2026-01-30,NL,Organic Search,Casual,45-54,Active
101199,2025-11-26,BR,Affiliate,New,18-24,Active
101200,2025-08-28,US,Affiliate,Casual,35-44,Active
